InvoiceNo,StockCode,Description,Quantity,UnitPrice,TotalRevenue,CustomerID,Country,IsCancellation,FormattedDate,Hour,DayOfWeek,is_anomaly,anomaly_score,anomaly_type
536460,22927,GREEN GIANT GARDEN THERMOMETER,2,5.95,11.9,14849,United Kingdom,False,2010-12-01 12:22:00,12,Wednesday,False,0.298,Normal
536460,84849B,FAIRY SOAP SOAP HOLDER,12,1.69,20.28,14849,United Kingdom,False,2010-12-01 12:22:00,12,Wednesday,False,0.285,Normal
536460,84879,ASSORTED COLOUR BIRD ORNAMENT,24,1.69,40.56,14849,United Kingdom,False,2010-12-01 12:22:00,12,Wednesday,False,0.354,Normal
536460,84992,72 SWEETHEART FAIRY CAKE CASES,24,0.55,13.200000000000001,14849,United Kingdom,False,2010-12-01 12:22:00,12,Wednesday,False,0.39,Normal
536460,21586,KINGS CHOICE GIANT TUBE MATCHES,12,2.55,30.599999999999998,14849,United Kingdom,False,2010-12-01 12:22:00,12,Wednesday,False,0.276,Normal
536460,22670,FRENCH WC SIGN BLUE METAL,12,1.25,15.0,14849,United Kingdom,False,2010-12-01 12:22:00,12,Wednesday,False,0.278,Normal
536460,22926,IVORY GIANT GARDEN THERMOMETER,4,5.95,23.8,14849,United Kingdom,False,2010-12-01 12:22:00,12,Wednesday,False,0.291,Normal
536464,85231B,CINAMMON SET OF 9 T-LIGHTS,3,0.85,2.55,17968,United Kingdom,False,2010-12-01 12:23:00,12,Wednesday,False,0.267,Normal
536464,21815,STAR  T-LIGHT HOLDER ,1,1.45,1.45,17968,United Kingdom,False,2010-12-01 12:23:00,12,Wednesday,False,0.284,Normal
536464,22759,SET OF 3 NOTEBOOKS IN PARCEL,1,1.65,1.65,17968,United Kingdom,False,2010-12-01 12:23:00,12,Wednesday,False,0.284,Normal
536464,21122,SET/10 PINK POLKADOT PARTY CANDLES,1,1.25,1.25,17968,United Kingdom,False,2010-12-01 12:23:00,12,Wednesday,False,0.283,Normal
536464,21121,SET/10 RED POLKADOT PARTY CANDLES,1,1.25,1.25,17968,United Kingdom,False,2010-12-01 12:23:00,12,Wednesday,False,0.283,Normal
536464,22585,PACK OF 6 BIRDY GIFT TAGS,3,1.25,3.75,17968,United Kingdom,False,2010-12-01 12:23:00,12,Wednesday,False,0.265,Normal
536464,21212,PACK OF 72 RETROSPOT CAKE CASES,2,0.55,1.1,17968,United Kingdom,False,2010-12-01 12:23:00,12,Wednesday,False,0.308,Normal
536464,21212,PACK OF 72 RETROSPOT CAKE CASES,1,0.55,0.55,17968,United Kingdom,False,2010-12-01 12:23:00,12,Wednesday,False,0.334,Normal
536464,22945,CHRISTMAS METAL TAGS ASSORTED ,6,0.85,5.1,17968,United Kingdom,False,2010-12-01 12:23:00,12,Wednesday,False,0.27,Normal
536464,22866,HAND WARMER SCOTTY DOG DESIGN,3,2.1,6.300000000000001,17968,United Kingdom,False,2010-12-01 12:23:00,12,Wednesday,False,0.269,Normal
536464,22558,CLOTHES PEGS RETROSPOT PACK 24 ,2,1.49,2.98,17968,United Kingdom,False,2010-12-01 12:23:00,12,Wednesday,False,0.266,Normal
536464,85231G,ORANGE SCENTED SET/9 T-LIGHTS,5,0.85,4.25,17968,United Kingdom,False,2010-12-01 12:23:00,12,Wednesday,False,0.266,Normal
536464,22866,HAND WARMER SCOTTY DOG DESIGN,1,2.1,2.1,17968,United Kingdom,False,2010-12-01 12:23:00,12,Wednesday,False,0.28,Normal
536464,22731,3D CHRISTMAS STAMPS STICKERS ,2,1.25,2.5,17968,United Kingdom,False,2010-12-01 12:23:00,12,Wednesday,False,0.27,Normal
536464,22866,HAND WARMER SCOTTY DOG DESIGN,1,2.1,2.1,17968,United Kingdom,False,2010-12-01 12:23:00,12,Wednesday,False,0.28,Normal
536464,21584,RETROSPOT SMALL TUBE MATCHES,1,1.65,1.65,17968,United Kingdom,False,2010-12-01 12:23:00,12,Wednesday,False,0.284,Normal
536464,22557,PLASTERS IN TIN VINTAGE PAISLEY ,1,1.65,1.65,17968,United Kingdom,False,2010-12-01 12:23:00,12,Wednesday,False,0.284,Normal
536464,22333,RETROSPOT PARTY BAG + STICKER SET,1,1.65,1.65,17968,United Kingdom,False,2010-12-01 12:23:00,12,Wednesday,False,0.284,Normal
536464,22956,36 FOIL HEART CAKE CASES,1,2.1,2.1,17968,United Kingdom,False,2010-12-01 12:23:00,12,Wednesday,False,0.28,Normal
536464,22082,RIBBON REEL STRIPES DESIGN ,5,1.65,8.25,17968,United Kingdom,False,2010-12-01 12:23:00,12,Wednesday,False,0.257,Normal
536464,21328,BALLOONS  WRITING SET ,1,1.65,1.65,17968,United Kingdom,False,2010-12-01 12:23:00,12,Wednesday,False,0.284,Normal
536464,22742,MAKE YOUR OWN PLAYTIME CARD KIT,1,2.95,2.95,17968,United Kingdom,False,2010-12-01 12:23:00,12,Wednesday,False,0.292,Normal
536466,22961,JAM MAKING SET PRINTED,12,1.45,17.4,14849,United Kingdom,False,2010-12-01 12:23:00,12,Wednesday,False,0.279,Normal
536466,22960,JAM MAKING SET WITH JARS,6,4.25,25.5,14849,United Kingdom,False,2010-12-01 12:23:00,12,Wednesday,False,0.267,Normal
536464,22663,JUMBO BAG DOLLY GIRL DESIGN,1,1.95,1.95,17968,United Kingdom,False,2010-12-01 12:23:00,12,Wednesday,False,0.28,Normal
536464,22197,SMALL POPCORN HOLDER,6,0.85,5.1,17968,United Kingdom,False,2010-12-01 12:23:00,12,Wednesday,False,0.27,Normal
536464,22312,OFFICE MUG WARMER POLKADOT,1,2.95,2.95,17968,United Kingdom,False,2010-12-01 12:23:00,12,Wednesday,False,0.292,Normal
536464,22441,GROW YOUR OWN BASIL IN ENAMEL MUG,1,2.1,2.1,17968,United Kingdom,False,2010-12-01 12:23:00,12,Wednesday,False,0.28,Normal
536464,21814,HEART T-LIGHT HOLDER ,8,1.45,11.6,17968,United Kingdom,False,2010-12-01 12:23:00,12,Wednesday,False,0.266,Normal
536464,72818,CHRISTMAS DECOUPAGE CANDLE,1,0.85,0.85,17968,United Kingdom,False,2010-12-01 12:23:00,12,Wednesday,False,0.291,Normal
536464,22866,HAND WARMER SCOTTY DOG DESIGN,1,2.1,2.1,17968,United Kingdom,False,2010-12-01 12:23:00,12,Wednesday,False,0.28,Normal
536464,85231B,CINAMMON SET OF 9 T-LIGHTS,2,0.85,1.7,17968,United Kingdom,False,2010-12-01 12:23:00,12,Wednesday,False,0.273,Normal
536464,85231G,ORANGE SCENTED SET/9 T-LIGHTS,1,0.85,0.85,17968,United Kingdom,False,2010-12-01 12:23:00,12,Wednesday,False,0.291,Normal
536464,22960,JAM MAKING SET WITH JARS,1,4.25,4.25,17968,United Kingdom,False,2010-12-01 12:23:00,12,Wednesday,False,0.299,Normal
536464,85099C,JUMBO  BAG BAROQUE BLACK WHITE,1,1.95,1.95,17968,United Kingdom,False,2010-12-01 12:23:00,12,Wednesday,False,0.28,Normal
536464,48173C,DOORMAT BLACK FLOCK ,1,7.95,7.95,17968,United Kingdom,False,2010-12-01 12:23:00,12,Wednesday,False,0.332,Normal
536464,21738,COSY SLIPPER SHOES SMALL  RED ,1,2.95,2.95,17968,United Kingdom,False,2010-12-01 12:23:00,12,Wednesday,False,0.292,Normal
536464,21992,VINTAGE PAISLEY STATIONERY SET,1,2.95,2.95,17968,United Kingdom,False,2010-12-01 12:23:00,12,Wednesday,False,0.292,Normal
536464,21327,SKULLS WRITING SET ,1,1.65,1.65,17968,United Kingdom,False,2010-12-01 12:23:00,12,Wednesday,False,0.284,Normal
536464,85095,THREE CANVAS LUGGAGE TAGS,1,1.95,1.95,17968,United Kingdom,False,2010-12-01 12:23:00,12,Wednesday,False,0.28,Normal
536464,21329,DINOSAURS  WRITING SET ,1,1.65,1.65,17968,United Kingdom,False,2010-12-01 12:23:00,12,Wednesday,False,0.284,Normal
536464,22500,SET OF 2 TINS JARDIN DE PROVENCE,2,4.95,9.9,17968,United Kingdom,False,2010-12-01 12:23:00,12,Wednesday,False,0.275,Normal
536464,20866,BLUE ROSE FABRIC MIRROR,1,1.25,1.25,17968,United Kingdom,False,2010-12-01 12:23:00,12,Wednesday,False,0.283,Normal
536464,22582,PACK OF 6 SWEETIE GIFT BOXES,1,2.55,2.55,17968,United Kingdom,False,2010-12-01 12:23:00,12,Wednesday,False,0.284,Normal
536464,22809,SET OF 6 T-LIGHTS SANTA,1,2.95,2.95,17968,United Kingdom,False,2010-12-01 12:23:00,12,Wednesday,False,0.292,Normal
536464,22297,HEART IVORY TRELLIS SMALL,1,1.25,1.25,17968,United Kingdom,False,2010-12-01 12:23:00,12,Wednesday,False,0.283,Normal
536464,22988,SOLDIERS EGG CUP ,1,1.25,1.25,17968,United Kingdom,False,2010-12-01 12:23:00,12,Wednesday,False,0.283,Normal
536464,21980,PACK OF 12 RED RETROSPOT TISSUES ,1,0.29,0.29,17968,United Kingdom,False,2010-12-01 12:23:00,12,Wednesday,False,0.337,Normal
536464,21985,PACK OF 12 HEARTS DESIGN TISSUES ,1,0.29,0.29,17968,United Kingdom,False,2010-12-01 12:23:00,12,Wednesday,False,0.337,Normal
536464,22744,MAKE YOUR OWN MONSOON CARD KIT,2,2.95,5.9,17968,United Kingdom,False,2010-12-01 12:23:00,12,Wednesday,False,0.274,Normal
536464,21260,FIRST AID TIN,1,3.25,3.25,17968,United Kingdom,False,2010-12-01 12:23:00,12,Wednesday,False,0.292,Normal
536464,22737,RIBBON REEL CHRISTMAS PRESENT ,1,1.65,1.65,17968,United Kingdom,False,2010-12-01 12:23:00,12,Wednesday,False,0.284,Normal
536464,22086,PAPER CHAIN KIT 50'S CHRISTMAS ,1,2.95,2.95,17968,United Kingdom,False,2010-12-01 12:23:00,12,Wednesday,False,0.292,Normal
536464,84879,ASSORTED COLOUR BIRD ORNAMENT,8,1.69,13.52,17968,United Kingdom,False,2010-12-01 12:23:00,12,Wednesday,False,0.268,Normal
536464,85099B,JUMBO BAG RED RETROSPOT,1,1.95,1.95,17968,United Kingdom,False,2010-12-01 12:23:00,12,Wednesday,False,0.28,Normal
536464,22386,JUMBO BAG PINK POLKADOT,1,1.95,1.95,17968,United Kingdom,False,2010-12-01 12:23:00,12,Wednesday,False,0.28,Normal
536464,90200A,PURPLE SWEETHEART BRACELET,1,4.25,4.25,17968,United Kingdom,False,2010-12-01 12:23:00,12,Wednesday,False,0.299,Normal
536464,20878,SET/9 CHRISTMAS T-LIGHTS SCENTED ,1,1.25,1.25,17968,United Kingdom,False,2010-12-01 12:23:00,12,Wednesday,False,0.283,Normal
536464,90200C,BLUE SWEETHEART BRACELET,1,4.25,4.25,17968,United Kingdom,False,2010-12-01 12:23:00,12,Wednesday,False,0.299,Normal
536464,90059C,DIAMANTE HAIR GRIP PACK/2 MONTANA,1,1.65,1.65,17968,United Kingdom,False,2010-12-01 12:23:00,12,Wednesday,False,0.284,Normal
536464,90059E,DIAMANTE HAIR GRIP PACK/2 RUBY,3,1.65,4.949999999999999,17968,United Kingdom,False,2010-12-01 12:23:00,12,Wednesday,False,0.266,Normal
536464,90185C,BLACK DIAMANTE EXPANDABLE RING,2,4.25,8.5,17968,United Kingdom,False,2010-12-01 12:23:00,12,Wednesday,False,0.267,Normal
536464,90059B,DIAMANTE HAIR GRIP PACK/2 BLACK DIA,2,1.65,3.3,17968,United Kingdom,False,2010-12-01 12:23:00,12,Wednesday,False,0.27,Normal
536464,90200B,BLACK SWEETHEART BRACELET,2,4.25,8.5,17968,United Kingdom,False,2010-12-01 12:23:00,12,Wednesday,False,0.267,Normal
536464,22294,HEART FILIGREE DOVE  SMALL,1,1.25,1.25,17968,United Kingdom,False,2010-12-01 12:23:00,12,Wednesday,False,0.283,Normal
536464,22295,HEART FILIGREE DOVE LARGE,1,1.65,1.65,17968,United Kingdom,False,2010-12-01 12:23:00,12,Wednesday,False,0.284,Normal
536464,90200D,PINK SWEETHEART BRACELET,3,4.25,12.75,17968,United Kingdom,False,2010-12-01 12:23:00,12,Wednesday,False,0.261,Normal
536464,22812,PACK 3 BOXES CHRISTMAS PANNETONE,6,1.95,11.7,17968,United Kingdom,False,2010-12-01 12:23:00,12,Wednesday,False,0.258,Normal
536464,22603,CHRISTMAS RETROSPOT TREE WOOD,2,0.85,1.7,17968,United Kingdom,False,2010-12-01 12:23:00,12,Wednesday,False,0.273,Normal
536464,22577,WOODEN HEART CHRISTMAS SCANDINAVIAN,1,0.85,0.85,17968,United Kingdom,False,2010-12-01 12:23:00,12,Wednesday,False,0.291,Normal
536464,22573,STAR WOODEN CHRISTMAS DECORATION,1,0.85,0.85,17968,United Kingdom,False,2010-12-01 12:23:00,12,Wednesday,False,0.291,Normal
536464,22810,SET OF 6 T-LIGHTS SNOWMEN,1,2.95,2.95,17968,United Kingdom,False,2010-12-01 12:23:00,12,Wednesday,False,0.292,Normal
536464,10125,MINI FUNKY DESIGN TAPES,2,0.85,1.7,17968,United Kingdom,False,2010-12-01 12:23:00,12,Wednesday,False,0.273,Normal
536464,21814,HEART T-LIGHT HOLDER ,2,1.45,2.9,17968,United Kingdom,False,2010-12-01 12:23:00,12,Wednesday,False,0.267,Normal
536464,22813,PACK 3 BOXES BIRD PANNETONE ,2,1.95,3.9,17968,United Kingdom,False,2010-12-01 12:23:00,12,Wednesday,False,0.27,Normal
536464,21816,CHRISTMAS TREE T-LIGHT HOLDER,2,1.45,2.9,17968,United Kingdom,False,2010-12-01 12:23:00,12,Wednesday,False,0.267,Normal
536464,22945,CHRISTMAS METAL TAGS ASSORTED ,6,0.85,5.1,17968,United Kingdom,False,2010-12-01 12:23:00,12,Wednesday,False,0.27,Normal
536464,21815,STAR  T-LIGHT HOLDER ,4,1.45,5.8,17968,United Kingdom,False,2010-12-01 12:23:00,12,Wednesday,False,0.263,Normal
536365,85123A,WHITE HANGING HEART,6,2.55,15.299999999999999,17850,United Kingdom,False,2010-12-01 08:26:00,8,Wednesday,False,0.257,Normal
536365,71053,Unknown Product,2,3.39,6.78,Unregistered,United Kingdom,False,2010-12-01 08:26:00,8,Wednesday,False,0.27,Normal
C536379,D,Discount,-1,27.5,-27.5,14527,United Kingdom,True,2010-12-01 09:41:00,9,Wednesday,True,0.534,Statistical Outlier
536464,22735,RIBBON REEL SOCKS AND MITTENS,2,1.65,3.3,17968,United Kingdom,False,2010-12-01 12:23:00,12,Wednesday,False,0.27,Normal
536464,21124,SET/10 BLUE POLKADOT PARTY CANDLES,1,1.25,1.25,17968,United Kingdom,False,2010-12-01 12:23:00,12,Wednesday,False,0.283,Normal
536464,22910,PAPER CHAIN KIT VINTAGE CHRISTMAS,1,2.95,2.95,17968,United Kingdom,False,2010-12-01 12:23:00,12,Wednesday,False,0.292,Normal
536464,21992,VINTAGE PAISLEY STATIONERY SET,1,2.95,2.95,17968,United Kingdom,False,2010-12-01 12:23:00,12,Wednesday,False,0.292,Normal
536464,16258A,SWIRLY CIRCULAR RUBBERS IN BAG,1,0.42,0.42,17968,United Kingdom,False,2010-12-01 12:23:00,12,Wednesday,False,0.337,Normal
536464,22619,SET OF 6 SOLDIER SKITTLES,1,3.75,3.75,17968,United Kingdom,False,2010-12-01 12:23:00,12,Wednesday,False,0.297,Normal
536464,21977,PACK OF 60 PINK PAISLEY CAKE CASES,1,0.55,0.55,17968,United Kingdom,False,2010-12-01 12:23:00,12,Wednesday,False,0.334,Normal
536464,22197,SMALL POPCORN HOLDER,5,0.85,4.25,17968,United Kingdom,False,2010-12-01 12:23:00,12,Wednesday,False,0.266,Normal
536464,22952,60 CAKE CASES VINTAGE CHRISTMAS,2,0.55,1.1,17968,United Kingdom,False,2010-12-01 12:23:00,12,Wednesday,False,0.308,Normal
536477,22411,JUMBO SHOPPER VINTAGE RED PAISLEY,10,1.95,19.5,16210,United Kingdom,False,2010-12-01 12:27:00,12,Wednesday,False,0.271,Normal
536477,22423,REGENCY CAKESTAND 3 TIER,16,10.95,175.2,16210,United Kingdom,False,2010-12-01 12:27:00,12,Wednesday,False,0.442,Normal
536477,22632,HAND WARMER RED RETROSPOT,12,2.1,25.200000000000003,16210,United Kingdom,False,2010-12-01 12:27:00,12,Wednesday,False,0.279,Normal
536477,22633,HAND WARMER UNION JACK,12,2.1,25.200000000000003,16210,United Kingdom,False,2010-12-01 12:27:00,12,Wednesday,False,0.279,Normal
536477,22593,CHRISTMAS GINGHAM STAR,144,0.72,103.67999999999999,16210,United Kingdom,False,2010-12-01 12:27:00,12,Wednesday,True,0.582,Statistical Outlier
536477,22595,CHRISTMAS GINGHAM HEART,144,0.72,103.67999999999999,16210,United Kingdom,False,2010-12-01 12:27:00,12,Wednesday,True,0.582,Statistical Outlier
536477,22571,ROCKING HORSE RED CHRISTMAS ,96,0.72,69.12,16210,United Kingdom,False,2010-12-01 12:27:00,12,Wednesday,True,0.572,Statistical Outlier
536477,20977,36 PENCILS TUBE WOODLAND,16,1.25,20.0,16210,United Kingdom,False,2010-12-01 12:27:00,12,Wednesday,False,0.299,Normal
536477,20979,36 PENCILS TUBE RED RETROSPOT,16,1.25,20.0,16210,United Kingdom,False,2010-12-01 12:27:00,12,Wednesday,False,0.299,Normal
536477,22041,"RECORD FRAME 7"" SINGLE SIZE ",48,2.1,100.80000000000001,16210,United Kingdom,False,2010-12-01 12:27:00,12,Wednesday,True,0.524,Statistical Outlier
536477,21137,BLACK RECORD COVER FRAME,480,3.39,1627.2,16210,United Kingdom,False,2010-12-01 12:27:00,12,Wednesday,True,0.631,Bulk Order Surge
536477,84029E,RED WOOLLY HOTTIE WHITE HEART.,24,3.39,81.36,16210,United Kingdom,False,2010-12-01 12:27:00,12,Wednesday,False,0.352,Normal
536477,21314,SMALL GLASS HEART TRINKET POT,48,1.85,88.80000000000001,16210,United Kingdom,False,2010-12-01 12:27:00,12,Wednesday,True,0.514,Statistical Outlier
536477,22619,SET OF 6 SOLDIER SKITTLES,4,3.75,15.0,16210,United Kingdom,False,2010-12-01 12:27:00,12,Wednesday,False,0.258,Normal
536488,22961,JAM MAKING SET PRINTED,1,1.45,1.45,17897,United Kingdom,False,2010-12-01 12:31:00,12,Wednesday,False,0.284,Normal
536488,21895,POTTING SHED SOW 'N' GROW SET,1,4.25,4.25,17897,United Kingdom,False,2010-12-01 12:31:00,12,Wednesday,False,0.299,Normal
536488,22468,BABUSHKA LIGHTS STRING OF 10,1,6.75,6.75,17897,United Kingdom,False,2010-12-01 12:31:00,12,Wednesday,False,0.331,Normal
536488,21034,REX CASH+CARRY JUMBO SHOPPER,1,0.95,0.95,17897,United Kingdom,False,2010-12-01 12:31:00,12,Wednesday,False,0.287,Normal
536488,22372,AIRLINE BAG VINTAGE WORLD CHAMPION ,1,4.25,4.25,17897,United Kingdom,False,2010-12-01 12:31:00,12,Wednesday,False,0.299,Normal
536488,22867,HAND WARMER BIRD DESIGN,1,2.1,2.1,17897,United Kingdom,False,2010-12-01 12:31:00,12,Wednesday,False,0.28,Normal
536488,22144,CHRISTMAS CRAFT LITTLE FRIENDS,1,2.1,2.1,17897,United Kingdom,False,2010-12-01 12:31:00,12,Wednesday,False,0.28,Normal
536488,70007,HI TEC ALPINE HAND WARMER,3,1.65,4.949999999999999,17897,United Kingdom,False,2010-12-01 12:31:00,12,Wednesday,False,0.266,Normal
536488,21894,POTTING SHED SEED ENVELOPES,3,1.25,3.75,17897,United Kingdom,False,2010-12-01 12:31:00,12,Wednesday,False,0.265,Normal
536488,22940,FELTCRAFT CHRISTMAS FAIRY,1,4.25,4.25,17897,United Kingdom,False,2010-12-01 12:31:00,12,Wednesday,False,0.299,Normal
536488,70007,HI TEC ALPINE HAND WARMER,1,1.65,1.65,17897,United Kingdom,False,2010-12-01 12:31:00,12,Wednesday,False,0.284,Normal
536488,84347,ROTATING SILVER ANGELS T-LIGHT HLDR,3,2.55,7.6499999999999995,17897,United Kingdom,False,2010-12-01 12:31:00,12,Wednesday,False,0.26,Normal
536488,22150,3 STRIPEY MICE FELTCRAFT,1,1.95,1.95,17897,United Kingdom,False,2010-12-01 12:31:00,12,Wednesday,False,0.28,Normal
536488,22149,FELTCRAFT 6 FLOWER FRIENDS,2,2.1,4.2,17897,United Kingdom,False,2010-12-01 12:31:00,12,Wednesday,False,0.271,Normal
536488,22376,AIRLINE BAG VINTAGE JET SET WHITE,1,4.25,4.25,17897,United Kingdom,False,2010-12-01 12:31:00,12,Wednesday,False,0.299,Normal
536488,22144,CHRISTMAS CRAFT LITTLE FRIENDS,2,2.1,4.2,17897,United Kingdom,False,2010-12-01 12:31:00,12,Wednesday,False,0.271,Normal
536488,21367,MIRRORED WALL ART GENTS,1,2.55,2.55,17897,United Kingdom,False,2010-12-01 12:31:00,12,Wednesday,False,0.284,Normal
536488,21190,PINK HEARTS PAPER GARLAND,1,1.65,1.65,17897,United Kingdom,False,2010-12-01 12:31:00,12,Wednesday,False,0.284,Normal
536488,22910,PAPER CHAIN KIT VINTAGE CHRISTMAS,1,2.95,2.95,17897,United Kingdom,False,2010-12-01 12:31:00,12,Wednesday,False,0.292,Normal
536488,21370,MIRRORED WALL ART FOXY,2,6.35,12.7,17897,United Kingdom,False,2010-12-01 12:31:00,12,Wednesday,False,0.298,Normal
536488,22738,RIBBON REEL SNOWY VILLAGE,5,1.65,8.25,17897,United Kingdom,False,2010-12-01 12:31:00,12,Wednesday,False,0.257,Normal
536488,21621,VINTAGE UNION JACK BUNTING,1,8.5,8.5,17897,United Kingdom,False,2010-12-01 12:31:00,12,Wednesday,False,0.342,Normal
536488,22960,JAM MAKING SET WITH JARS,8,4.25,34.0,17897,United Kingdom,False,2010-12-01 12:31:00,12,Wednesday,False,0.27,Normal
536488,22082,RIBBON REEL STRIPES DESIGN ,5,1.65,8.25,17897,United Kingdom,False,2010-12-01 12:31:00,12,Wednesday,False,0.257,Normal
536488,84558A,3D DOG PICTURE PLAYING CARDS,1,2.95,2.95,17897,United Kingdom,False,2010-12-01 12:31:00,12,Wednesday,False,0.292,Normal
536488,21592,RETROSPOT CIGAR BOX MATCHES ,1,1.25,1.25,17897,United Kingdom,False,2010-12-01 12:31:00,12,Wednesday,False,0.283,Normal
536488,47563A,RETRO LONGBOARD IRONING BOARD COVER,1,3.75,3.75,17897,United Kingdom,False,2010-12-01 12:31:00,12,Wednesday,False,0.297,Normal
536488,84347,ROTATING SILVER ANGELS T-LIGHT HLDR,1,2.55,2.55,17897,United Kingdom,False,2010-12-01 12:31:00,12,Wednesday,False,0.284,Normal
536488,21577,SAVE THE PLANET COTTON TOTE BAG,1,2.25,2.25,17897,United Kingdom,False,2010-12-01 12:31:00,12,Wednesday,False,0.283,Normal
536488,22909,SET OF 20 VINTAGE CHRISTMAS NAPKINS,1,0.85,0.85,17897,United Kingdom,False,2010-12-01 12:31:00,12,Wednesday,False,0.291,Normal
536488,22087,PAPER BUNTING WHITE LACE,1,2.95,2.95,17897,United Kingdom,False,2010-12-01 12:31:00,12,Wednesday,False,0.292,Normal
536488,22651,GENTLEMAN SHIRT REPAIR KIT ,2,0.85,1.7,17897,United Kingdom,False,2010-12-01 12:31:00,12,Wednesday,False,0.273,Normal
536488,22713,CARD I LOVE LONDON ,12,0.42,5.04,17897,United Kingdom,False,2010-12-01 12:31:00,12,Wednesday,False,0.34,Normal
536488,20878,SET/9 CHRISTMAS T-LIGHTS SCENTED ,2,1.25,2.5,17897,United Kingdom,False,2010-12-01 12:31:00,12,Wednesday,False,0.27,Normal
536500,21488,RED WHITE SCARF  HOT WATER BOTTLE,2,3.95,7.9,17377,United Kingdom,False,2010-12-01 12:35:00,12,Wednesday,False,0.27,Normal
536500,21754,HOME BUILDING BLOCK WORD,6,5.95,35.7,17377,United Kingdom,False,2010-12-01 12:35:00,12,Wednesday,False,0.29,Normal
536500,21755,LOVE BUILDING BLOCK WORD,6,5.95,35.7,17377,United Kingdom,False,2010-12-01 12:35:00,12,Wednesday,False,0.29,Normal
536500,21035,SET/2 RED RETROSPOT TEA TOWELS ,3,2.95,8.850000000000001,17377,United Kingdom,False,2010-12-01 12:35:00,12,Wednesday,False,0.26,Normal
536500,22895,SET OF 2 TEA TOWELS APPLE AND PEARS,3,2.95,8.850000000000001,17377,United Kingdom,False,2010-12-01 12:35:00,12,Wednesday,False,0.26,Normal
536500,22900, SET 2 TEA TOWELS I LOVE LONDON ,7,2.95,20.650000000000002,17377,United Kingdom,False,2010-12-01 12:35:00,12,Wednesday,False,0.264,Normal
536500,84029E,RED WOOLLY HOTTIE WHITE HEART.,2,3.75,7.5,17377,United Kingdom,False,2010-12-01 12:35:00,12,Wednesday,False,0.267,Normal
536500,46000M,POLYESTER FILLER PAD 45x45cm,10,1.55,15.5,17377,United Kingdom,False,2010-12-01 12:35:00,12,Wednesday,False,0.269,Normal
536500,22024,RAINY LADIES BIRTHDAY CARD,12,0.42,5.04,17377,United Kingdom,False,2010-12-01 12:35:00,12,Wednesday,False,0.34,Normal
536500,22983,CARD BILLBOARD FONT,12,0.42,5.04,17377,United Kingdom,False,2010-12-01 12:35:00,12,Wednesday,False,0.34,Normal
536500,22712,CARD DOLLY GIRL ,12,0.42,5.04,17377,United Kingdom,False,2010-12-01 12:35:00,12,Wednesday,False,0.34,Normal
536500,22616,PACK OF 12 LONDON TISSUES ,12,0.29,3.4799999999999995,17377,United Kingdom,False,2010-12-01 12:35:00,12,Wednesday,False,0.341,Normal
536500,22630,DOLLY GIRL LUNCH BOX,2,1.95,3.9,17377,United Kingdom,False,2010-12-01 12:35:00,12,Wednesday,False,0.27,Normal
536500,21622,VINTAGE UNION JACK CUSHION COVER,10,4.95,49.5,17377,United Kingdom,False,2010-12-01 12:35:00,12,Wednesday,False,0.299,Normal
536500,22113,GREY HEART HOT WATER BOTTLE,3,3.75,11.25,17377,United Kingdom,False,2010-12-01 12:35:00,12,Wednesday,False,0.265,Normal
536502,22423,REGENCY CAKESTAND 3 TIER,2,12.75,25.5,16552,United Kingdom,False,2010-12-01 12:36:00,12,Wednesday,False,0.39,Normal
536502,84879,ASSORTED COLOUR BIRD ORNAMENT,16,1.69,27.04,16552,United Kingdom,False,2010-12-01 12:36:00,12,Wednesday,False,0.3,Normal
536502,22784,LANTERN CREAM GAZEBO ,3,4.95,14.850000000000001,16552,United Kingdom,False,2010-12-01 12:36:00,12,Wednesday,False,0.271,Normal
536502,21441,BLUE BIRDHOUSE DECORATION,12,0.85,10.2,16552,United Kingdom,False,2010-12-01 12:36:00,12,Wednesday,False,0.294,Normal
536502,85123A,WHITE HANGING HEART T-LIGHT HOLDER,6,2.95,17.700000000000003,16552,United Kingdom,False,2010-12-01 12:36:00,12,Wednesday,False,0.26,Normal
536508,21326,AGED GLASS SILVER T-LIGHT HOLDER,144,0.55,79.2,17181,United Kingdom,False,2010-12-01 12:38:00,12,Wednesday,True,0.573,Statistical Outlier
C536506,22960,JAM MAKING SET WITH JARS,-6,4.25,-25.5,17897,United Kingdom,True,2010-12-01 12:38:00,12,Wednesday,False,0.316,Normal
536508,84947,ANTIQUE SILVER TEA GLASS ENGRAVED,72,1.06,76.32000000000001,17181,United Kingdom,False,2010-12-01 12:38:00,12,Wednesday,True,0.56,Statistical Outlier
536514,22865,HAND WARMER OWL DESIGN,36,2.1,75.60000000000001,17951,United Kingdom,False,2010-12-01 12:40:00,12,Wednesday,False,0.457,Normal
536514,22485,SET OF 2 WOODEN MARKET CRATES,4,12.75,51.0,17951,United Kingdom,False,2010-12-01 12:40:00,12,Wednesday,False,0.403,Normal
536514,22807,SET OF 6 T-LIGHTS TOADSTOOLS,6,2.95,17.700000000000003,17951,United Kingdom,False,2010-12-01 12:40:00,12,Wednesday,False,0.26,Normal
536514,22633,HAND WARMER UNION JACK,36,2.1,75.60000000000001,17951,United Kingdom,False,2010-12-01 12:40:00,12,Wednesday,False,0.457,Normal
536514,22866,HAND WARMER SCOTTY DOG DESIGN,36,2.1,75.60000000000001,17951,United Kingdom,False,2010-12-01 12:40:00,12,Wednesday,False,0.457,Normal
536520,21584,RETROSPOT SMALL TUBE MATCHES,12,1.65,19.799999999999997,14729,United Kingdom,False,2010-12-01 12:43:00,12,Wednesday,False,0.283,Normal
536520,22469,HEART OF WICKER SMALL,1,1.65,1.65,14729,United Kingdom,False,2010-12-01 12:43:00,12,Wednesday,False,0.284,Normal
536520,22092,BLUE PAISLEY TISSUE BOX,1,1.25,1.25,14729,United Kingdom,False,2010-12-01 12:43:00,12,Wednesday,False,0.283,Normal
536520,22197,SMALL POPCORN HOLDER,3,0.85,2.55,14729,United Kingdom,False,2010-12-01 12:43:00,12,Wednesday,False,0.267,Normal
536520,22905,CALENDAR IN SEASON DESIGN,2,2.95,5.9,14729,United Kingdom,False,2010-12-01 12:43:00,12,Wednesday,False,0.274,Normal
536520,22904,CALENDAR PAPER CUT DESIGN,3,2.95,8.850000000000001,14729,United Kingdom,False,2010-12-01 12:43:00,12,Wednesday,False,0.26,Normal
536520,22241,GARLAND WOODEN HAPPY EASTER,2,1.25,2.5,14729,United Kingdom,False,2010-12-01 12:43:00,12,Wednesday,False,0.27,Normal
536520,22582,PACK OF 6 SWEETIE GIFT BOXES,2,2.55,5.1,14729,United Kingdom,False,2010-12-01 12:43:00,12,Wednesday,False,0.27,Normal
536520,22501,PICNIC BASKET WICKER LARGE,1,9.95,9.95,14729,United Kingdom,False,2010-12-01 12:43:00,12,Wednesday,False,0.355,Normal
536520,22100,SKULLS SQUARE TISSUE BOX,1,1.25,1.25,14729,United Kingdom,False,2010-12-01 12:43:00,12,Wednesday,False,0.283,Normal
536520,22956,36 FOIL HEART CAKE CASES,2,2.1,4.2,14729,United Kingdom,False,2010-12-01 12:43:00,12,Wednesday,False,0.271,Normal
536520,22955,36 FOIL STAR CAKE CASES ,2,2.1,4.2,14729,United Kingdom,False,2010-12-01 12:43:00,12,Wednesday,False,0.271,Normal
536520,22441,GROW YOUR OWN BASIL IN ENAMEL MUG,1,2.1,2.1,14729,United Kingdom,False,2010-12-01 12:43:00,12,Wednesday,False,0.28,Normal
536520,22152,PLACE SETTING WHITE STAR,12,0.42,5.04,14729,United Kingdom,False,2010-12-01 12:43:00,12,Wednesday,False,0.34,Normal
536520,21588,RETROSPOT GIANT TUBE MATCHES,3,2.55,7.6499999999999995,14729,United Kingdom,False,2010-12-01 12:43:00,12,Wednesday,False,0.26,Normal
536520,22583,PACK OF 6 HANDBAG GIFT BOXES,3,2.55,7.6499999999999995,14729,United Kingdom,False,2010-12-01 12:43:00,12,Wednesday,False,0.26,Normal
536520,22096,PINK PAISLEY SQUARE TISSUE BOX ,1,1.25,1.25,14729,United Kingdom,False,2010-12-01 12:43:00,12,Wednesday,False,0.283,Normal
536520,21123,SET/10 IVORY POLKADOT PARTY CANDLES,1,1.25,1.25,14729,United Kingdom,False,2010-12-01 12:43:00,12,Wednesday,False,0.283,Normal
536520,21358,TOAST ITS - HAPPY BIRTHDAY,2,1.25,2.5,14729,United Kingdom,False,2010-12-01 12:43:00,12,Wednesday,False,0.27,Normal
536520,21111,"SWISS ROLL TOWEL, CHOCOLATE  SPOTS",1,2.95,2.95,14729,United Kingdom,False,2010-12-01 12:43:00,12,Wednesday,False,0.292,Normal
536520,84596E,SMALL LICORICE DES PINK BOWL,1,1.25,1.25,14729,United Kingdom,False,2010-12-01 12:43:00,12,Wednesday,False,0.283,Normal
536520,20754,RETROSPOT RED WASHING UP GLOVES,1,2.1,2.1,14729,United Kingdom,False,2010-12-01 12:43:00,12,Wednesday,False,0.28,Normal
536520,84985A,SET OF 72 GREEN PAPER DOILIES,1,1.45,1.45,14729,United Kingdom,False,2010-12-01 12:43:00,12,Wednesday,False,0.284,Normal
536520,71406C,BLACK ORANGE SQUEEZER,12,0.42,5.04,14729,United Kingdom,False,2010-12-01 12:43:00,12,Wednesday,False,0.34,Normal
536520,22469,HEART OF WICKER SMALL,2,1.65,3.3,14729,United Kingdom,False,2010-12-01 12:43:00,12,Wednesday,False,0.27,Normal
536520,22583,PACK OF 6 HANDBAG GIFT BOXES,1,2.55,2.55,14729,United Kingdom,False,2010-12-01 12:43:00,12,Wednesday,False,0.284,Normal
536520,20772,GARDEN PATH JOURNAL,1,2.55,2.55,14729,United Kingdom,False,2010-12-01 12:43:00,12,Wednesday,False,0.284,Normal
536520,21034,REX CASH+CARRY JUMBO SHOPPER,2,0.95,1.9,14729,United Kingdom,False,2010-12-01 12:43:00,12,Wednesday,False,0.271,Normal
536520,21427,SKULLS STORAGE BOX SMALL,2,2.1,4.2,14729,United Kingdom,False,2010-12-01 12:43:00,12,Wednesday,False,0.271,Normal
536520,21985,PACK OF 12 HEARTS DESIGN TISSUES ,12,0.29,3.4799999999999995,14729,United Kingdom,False,2010-12-01 12:43:00,12,Wednesday,False,0.341,Normal
536520,84378,SET OF 3 HEART COOKIE CUTTERS,1,1.25,1.25,14729,United Kingdom,False,2010-12-01 12:43:00,12,Wednesday,False,0.283,Normal
536520,21122,SET/10 PINK POLKADOT PARTY CANDLES,1,1.25,1.25,14729,United Kingdom,False,2010-12-01 12:43:00,12,Wednesday,False,0.283,Normal
536520,21124,SET/10 BLUE POLKADOT PARTY CANDLES,1,1.25,1.25,14729,United Kingdom,False,2010-12-01 12:43:00,12,Wednesday,False,0.283,Normal
536520,21930,JUMBO STORAGE BAG SKULLS,1,1.95,1.95,14729,United Kingdom,False,2010-12-01 12:43:00,12,Wednesday,False,0.28,Normal
536520,21804,WHITE CHRISTMAS GARLAND STARS TREES,3,3.75,11.25,14729,United Kingdom,False,2010-12-01 12:43:00,12,Wednesday,False,0.265,Normal
536520,22938,CUPCAKE LACE PAPER SET 6,5,1.95,9.75,14729,United Kingdom,False,2010-12-01 12:43:00,12,Wednesday,False,0.251,Normal
536520,85123A,WHITE HANGING HEART T-LIGHT HOLDER,3,2.95,8.850000000000001,14729,United Kingdom,False,2010-12-01 12:43:00,12,Wednesday,False,0.26,Normal
536520,22470,HEART OF WICKER LARGE,1,2.95,2.95,14729,United Kingdom,False,2010-12-01 12:43:00,12,Wednesday,False,0.292,Normal
536520,22107,PIZZA PLATE IN BOX,2,3.75,7.5,14729,United Kingdom,False,2010-12-01 12:43:00,12,Wednesday,False,0.267,Normal
536520,22760,"TRAY, BREAKFAST IN BED",1,12.75,12.75,14729,United Kingdom,False,2010-12-01 12:43:00,12,Wednesday,False,0.404,Normal
536520,21867,PINK UNION JACK  LUGGAGE TAG,1,1.25,1.25,14729,United Kingdom,False,2010-12-01 12:43:00,12,Wednesday,False,0.283,Normal
536520,22670,FRENCH WC SIGN BLUE METAL,1,1.25,1.25,14729,United Kingdom,False,2010-12-01 12:43:00,12,Wednesday,False,0.283,Normal
536520,22633,HAND WARMER UNION JACK,3,2.1,6.300000000000001,14729,United Kingdom,False,2010-12-01 12:43:00,12,Wednesday,False,0.269,Normal
536520,21486,PINK HEART DOTS HOT WATER BOTTLE,1,3.75,3.75,14729,United Kingdom,False,2010-12-01 12:43:00,12,Wednesday,False,0.297,Normal
536520,22632,HAND WARMER RED RETROSPOT,4,2.1,8.4,14729,United Kingdom,False,2010-12-01 12:43:00,12,Wednesday,False,0.257,Normal
536520,21292,SMALL STRIPES CHOCOLATE GIFT BAG ,16,0.85,13.6,14729,United Kingdom,False,2010-12-01 12:43:00,12,Wednesday,False,0.314,Normal
536520,22588,CARD HOLDER GINGHAM HEART,2,2.55,5.1,14729,United Kingdom,False,2010-12-01 12:43:00,12,Wednesday,False,0.27,Normal
536520,22926,IVORY GIANT GARDEN THERMOMETER,1,5.95,5.95,14729,United Kingdom,False,2010-12-01 12:43:00,12,Wednesday,False,0.322,Normal
536520,22575,METAL MERRY CHRISTMAS WREATH,1,1.95,1.95,14729,United Kingdom,False,2010-12-01 12:43:00,12,Wednesday,False,0.28,Normal
536520,20707,CRAZY DAISY HEART DECORATION,1,1.25,1.25,14729,United Kingdom,False,2010-12-01 12:43:00,12,Wednesday,False,0.283,Normal
536520,21794,CLASSIC FRENCH STYLE BASKET NATURAL,1,6.75,6.75,14729,United Kingdom,False,2010-12-01 12:43:00,12,Wednesday,False,0.331,Normal
536520,21890,S/6 WOODEN SKITTLES IN COTTON BAG,1,2.95,2.95,14729,United Kingdom,False,2010-12-01 12:43:00,12,Wednesday,False,0.292,Normal
536520,22151,PLACE SETTING WHITE HEART,14,0.42,5.88,14729,United Kingdom,False,2010-12-01 12:43:00,12,Wednesday,False,0.353,Normal
536520,21175,GIN + TONIC DIET METAL SIGN,1,2.1,2.1,14729,United Kingdom,False,2010-12-01 12:43:00,12,Wednesday,False,0.28,Normal
536520,22642,SET OF 4 NAPKIN CHARMS STARS   ,4,2.55,10.2,14729,United Kingdom,False,2010-12-01 12:43:00,12,Wednesday,False,0.258,Normal
536520,22643,SET OF 4 NAPKIN CHARMS LEAVES   ,4,2.55,10.2,14729,United Kingdom,False,2010-12-01 12:43:00,12,Wednesday,False,0.258,Normal
536520,22916,HERB MARKER THYME,1,0.65,0.65,14729,United Kingdom,False,2010-12-01 12:43:00,12,Wednesday,False,0.308,Normal
536520,22921,HERB MARKER CHIVES ,2,0.65,1.3,14729,United Kingdom,False,2010-12-01 12:43:00,12,Wednesday,False,0.29,Normal
536520,22920,HERB MARKER BASIL,3,0.65,1.9500000000000002,14729,United Kingdom,False,2010-12-01 12:43:00,12,Wednesday,False,0.283,Normal
536520,22917,HERB MARKER ROSEMARY,1,0.65,0.65,14729,United Kingdom,False,2010-12-01 12:43:00,12,Wednesday,False,0.308,Normal
536520,22919,HERB MARKER MINT,2,0.65,1.3,14729,United Kingdom,False,2010-12-01 12:43:00,12,Wednesday,False,0.29,Normal
536520,22812,PACK 3 BOXES CHRISTMAS PANNETONE,3,1.95,5.85,14729,United Kingdom,False,2010-12-01 12:43:00,12,Wednesday,False,0.267,Normal
536520,22918,HERB MARKER PARSLEY,2,0.65,1.3,14729,United Kingdom,False,2010-12-01 12:43:00,12,Wednesday,False,0.29,Normal
536520,22906,12 MESSAGE CARDS WITH ENVELOPES,6,1.65,9.899999999999999,14729,United Kingdom,False,2010-12-01 12:43:00,12,Wednesday,False,0.26,Normal
536520,22557,PLASTERS IN TIN VINTAGE PAISLEY ,2,1.65,3.3,14729,United Kingdom,False,2010-12-01 12:43:00,12,Wednesday,False,0.27,Normal
536520,22653,BUTTON BOX ,1,1.95,1.95,14729,United Kingdom,False,2010-12-01 12:43:00,12,Wednesday,False,0.28,Normal
536520,22551,PLASTERS IN TIN SPACEBOY,1,1.65,1.65,14729,United Kingdom,False,2010-12-01 12:43:00,12,Wednesday,False,0.284,Normal
536520,22553,PLASTERS IN TIN SKULLS,1,1.65,1.65,14729,United Kingdom,False,2010-12-01 12:43:00,12,Wednesday,False,0.284,Normal
536520,22099,CARAVAN SQUARE TISSUE BOX,2,1.25,2.5,14729,United Kingdom,False,2010-12-01 12:43:00,12,Wednesday,False,0.27,Normal
536520,22754,SMALL RED BABUSHKA NOTEBOOK ,1,0.85,0.85,14729,United Kingdom,False,2010-12-01 12:43:00,12,Wednesday,False,0.291,Normal
536520,22604,SET OF 4 NAPKIN CHARMS CUTLERY,3,2.55,7.6499999999999995,14729,United Kingdom,False,2010-12-01 12:43:00,12,Wednesday,False,0.26,Normal
536521,22854,CREAM SWEETHEART EGG HOLDER,1,4.95,4.95,12748,United Kingdom,False,2010-12-01 12:48:00,12,Wednesday,False,0.311,Normal
536522,85014A,BLACK/BLUE POLKADOT UMBRELLA,1,5.95,5.95,15012,United Kingdom,False,2010-12-01 12:49:00,12,Wednesday,False,0.322,Normal
536522,21192,WHITE BELL HONEYCOMB PAPER ,3,1.65,4.949999999999999,15012,United Kingdom,False,2010-12-01 12:49:00,12,Wednesday,False,0.266,Normal
536522,21810,CHRISTMAS HANGING STAR WITH BELL,1,1.25,1.25,15012,United Kingdom,False,2010-12-01 12:49:00,12,Wednesday,False,0.283,Normal
536522,84997C,BLUE 3 PIECE POLKADOT CUTLERY SET,1,3.75,3.75,15012,United Kingdom,False,2010-12-01 12:49:00,12,Wednesday,False,0.297,Normal
536522,21190,PINK HEARTS PAPER GARLAND,1,1.65,1.65,15012,United Kingdom,False,2010-12-01 12:49:00,12,Wednesday,False,0.284,Normal
536522,84836,ZINC METAL HEART DECORATION,1,1.25,1.25,15012,United Kingdom,False,2010-12-01 12:49:00,12,Wednesday,False,0.283,Normal
536522,20914,SET/5 RED RETROSPOT LID GLASS BOWLS,1,2.95,2.95,15012,United Kingdom,False,2010-12-01 12:49:00,12,Wednesday,False,0.292,Normal
536522,22151,PLACE SETTING WHITE HEART,1,0.42,0.42,15012,United Kingdom,False,2010-12-01 12:49:00,12,Wednesday,False,0.337,Normal
536522,21098,CHRISTMAS TOILET ROLL,2,1.25,2.5,15012,United Kingdom,False,2010-12-01 12:49:00,12,Wednesday,False,0.27,Normal
536522,21124,SET/10 BLUE POLKADOT PARTY CANDLES,2,1.25,2.5,15012,United Kingdom,False,2010-12-01 12:49:00,12,Wednesday,False,0.27,Normal
536522,22749,FELTCRAFT PRINCESS CHARLOTTE DOLL,2,3.75,7.5,15012,United Kingdom,False,2010-12-01 12:49:00,12,Wednesday,False,0.267,Normal
536522,72800B, 4 PURPLE FLOCK DINNER CANDLES,2,2.55,5.1,15012,United Kingdom,False,2010-12-01 12:49:00,12,Wednesday,False,0.27,Normal
536522,22632,HAND WARMER RED RETROSPOT,1,2.1,2.1,15012,United Kingdom,False,2010-12-01 12:49:00,12,Wednesday,False,0.28,Normal
536522,22107,PIZZA PLATE IN BOX,2,3.75,7.5,15012,United Kingdom,False,2010-12-01 12:49:00,12,Wednesday,False,0.267,Normal
536522,47504H,ENGLISH ROSE SPIRIT LEVEL ,1,1.95,1.95,15012,United Kingdom,False,2010-12-01 12:49:00,12,Wednesday,False,0.28,Normal
536522,21121,SET/10 RED POLKADOT PARTY CANDLES,1,1.25,1.25,15012,United Kingdom,False,2010-12-01 12:49:00,12,Wednesday,False,0.283,Normal
536522,21122,SET/10 PINK POLKADOT PARTY CANDLES,1,1.25,1.25,15012,United Kingdom,False,2010-12-01 12:49:00,12,Wednesday,False,0.283,Normal
536522,21742,LARGE ROUND WICKER PLATTER ,1,5.95,5.95,15012,United Kingdom,False,2010-12-01 12:49:00,12,Wednesday,False,0.322,Normal
536522,22566,FELTCRAFT HAIRBAND PINK AND PURPLE,1,0.85,0.85,15012,United Kingdom,False,2010-12-01 12:49:00,12,Wednesday,False,0.291,Normal
536522,21664,RIDGED GLASS STORAGE JAR CREAM LID,1,3.75,3.75,15012,United Kingdom,False,2010-12-01 12:49:00,12,Wednesday,False,0.297,Normal
536522,21122,SET/10 PINK POLKADOT PARTY CANDLES,1,1.25,1.25,15012,United Kingdom,False,2010-12-01 12:49:00,12,Wednesday,False,0.283,Normal
536522,22481,BLACK TEA TOWEL CLASSIC DESIGN,3,1.25,3.75,15012,United Kingdom,False,2010-12-01 12:49:00,12,Wednesday,False,0.265,Normal
536365,85123A,WHITE HANGING HEART,6,2.55,15.299999999999999,17850,United Kingdom,False,2010-12-01 08:26:00,8,Wednesday,False,0.257,Normal
536365,71053,Unknown Product,2,3.39,6.78,Unregistered,United Kingdom,False,2010-12-01 08:26:00,8,Wednesday,False,0.27,Normal
C536379,D,Discount,-1,27.5,-27.5,14527,United Kingdom,True,2010-12-01 09:41:00,9,Wednesday,True,0.534,Statistical Outlier
536522,85099B,JUMBO BAG RED RETROSPOT,1,1.95,1.95,15012,United Kingdom,False,2010-12-01 12:49:00,12,Wednesday,False,0.28,Normal
536522,21931,JUMBO STORAGE BAG SUKI,1,1.95,1.95,15012,United Kingdom,False,2010-12-01 12:49:00,12,Wednesday,False,0.28,Normal
536522,22941,CHRISTMAS LIGHTS 10 REINDEER,1,8.5,8.5,15012,United Kingdom,False,2010-12-01 12:49:00,12,Wednesday,False,0.342,Normal
536522,84563A,PINK & WHITE BREAKFAST TRAY,1,5.95,5.95,15012,United Kingdom,False,2010-12-01 12:49:00,12,Wednesday,False,0.322,Normal
536522,37370,RETRO COFFEE MUGS ASSORTED,2,1.25,2.5,15012,United Kingdom,False,2010-12-01 12:49:00,12,Wednesday,False,0.27,Normal
536522,21197,MULTICOLOUR  CONFETTI IN TUBE,1,1.65,1.65,15012,United Kingdom,False,2010-12-01 12:49:00,12,Wednesday,False,0.284,Normal
536522,85231B,CINAMMON SET OF 9 T-LIGHTS,1,0.85,0.85,15012,United Kingdom,False,2010-12-01 12:49:00,12,Wednesday,False,0.291,Normal
536522,84997D,PINK 3 PIECE POLKADOT CUTLERY SET,1,3.75,3.75,15012,United Kingdom,False,2010-12-01 12:49:00,12,Wednesday,False,0.297,Normal
536522,47599A,PINK PARTY BAGS,1,2.1,2.1,15012,United Kingdom,False,2010-12-01 12:49:00,12,Wednesday,False,0.28,Normal
536522,47599B,BLUE PARTY BAGS ,1,2.1,2.1,15012,United Kingdom,False,2010-12-01 12:49:00,12,Wednesday,False,0.28,Normal
536522,22749,FELTCRAFT PRINCESS CHARLOTTE DOLL,1,3.75,3.75,15012,United Kingdom,False,2010-12-01 12:49:00,12,Wednesday,False,0.297,Normal
536522,20972,PINK CREAM FELT CRAFT TRINKET BOX ,1,1.25,1.25,15012,United Kingdom,False,2010-12-01 12:49:00,12,Wednesday,False,0.283,Normal
536522,22569,FELTCRAFT CUSHION BUTTERFLY,1,3.75,3.75,15012,United Kingdom,False,2010-12-01 12:49:00,12,Wednesday,False,0.297,Normal
536522,21041,RED RETROSPOT OVEN GLOVE DOUBLE,1,2.95,2.95,15012,United Kingdom,False,2010-12-01 12:49:00,12,Wednesday,False,0.292,Normal
536522,21664,RIDGED GLASS STORAGE JAR CREAM LID,2,3.75,7.5,15012,United Kingdom,False,2010-12-01 12:49:00,12,Wednesday,False,0.267,Normal
536522,84969,BOX OF 6 ASSORTED COLOUR TEASPOONS,1,4.25,4.25,15012,United Kingdom,False,2010-12-01 12:49:00,12,Wednesday,False,0.299,Normal
536522,22907,PACK OF 20 NAPKINS PANTRY DESIGN,1,0.85,0.85,15012,United Kingdom,False,2010-12-01 12:49:00,12,Wednesday,False,0.291,Normal
536522,22866,HAND WARMER SCOTTY DOG DESIGN,1,2.1,2.1,15012,United Kingdom,False,2010-12-01 12:49:00,12,Wednesday,False,0.28,Normal
536522,22632,HAND WARMER RED RETROSPOT,2,2.1,4.2,15012,United Kingdom,False,2010-12-01 12:49:00,12,Wednesday,False,0.271,Normal
536522,22865,HAND WARMER OWL DESIGN,2,2.1,4.2,15012,United Kingdom,False,2010-12-01 12:49:00,12,Wednesday,False,0.271,Normal
536522,22338,STAR DECORATION PAINTED ZINC ,2,0.65,1.3,15012,United Kingdom,False,2010-12-01 12:49:00,12,Wednesday,False,0.29,Normal
536522,84968C,SET OF 16 VINTAGE PISTACHIO CUTLERY,1,12.75,12.75,15012,United Kingdom,False,2010-12-01 12:49:00,12,Wednesday,False,0.404,Normal
536522,85035B,CHOCOLATE 3 WICK MORRIS BOX CANDLE,1,4.25,4.25,15012,United Kingdom,False,2010-12-01 12:49:00,12,Wednesday,False,0.299,Normal
536522,21326,AGED GLASS SILVER T-LIGHT HOLDER,12,0.65,7.800000000000001,15012,United Kingdom,False,2010-12-01 12:49:00,12,Wednesday,False,0.304,Normal
536522,22776,SWEETHEART CAKESTAND 3 TIER,1,9.95,9.95,15012,United Kingdom,False,2010-12-01 12:49:00,12,Wednesday,False,0.355,Normal
536522,22151,PLACE SETTING WHITE HEART,2,0.42,0.84,15012,United Kingdom,False,2010-12-01 12:49:00,12,Wednesday,False,0.313,Normal
536522,84836,ZINC METAL HEART DECORATION,2,1.25,2.5,15012,United Kingdom,False,2010-12-01 12:49:00,12,Wednesday,False,0.27,Normal
536522,85231G,ORANGE SCENTED SET/9 T-LIGHTS,1,0.85,0.85,15012,United Kingdom,False,2010-12-01 12:49:00,12,Wednesday,False,0.291,Normal
536522,22739,RIBBON REEL CHRISTMAS SOCK BAUBLE,5,1.65,8.25,15012,United Kingdom,False,2010-12-01 12:49:00,12,Wednesday,False,0.257,Normal
536522,22449,SILK PURSE BABUSHKA PINK,1,3.35,3.35,15012,United Kingdom,False,2010-12-01 12:49:00,12,Wednesday,False,0.293,Normal
536522,21810,CHRISTMAS HANGING STAR WITH BELL,2,1.25,2.5,15012,United Kingdom,False,2010-12-01 12:49:00,12,Wednesday,False,0.27,Normal
536522,21121,SET/10 RED POLKADOT PARTY CANDLES,1,1.25,1.25,15012,United Kingdom,False,2010-12-01 12:49:00,12,Wednesday,False,0.283,Normal
536523,22217,T-LIGHT HOLDER HANGING LACE,12,1.25,15.0,12868,United Kingdom,False,2010-12-01 12:50:00,12,Wednesday,False,0.278,Normal
536523,22294,HEART FILIGREE DOVE  SMALL,24,1.25,30.0,12868,United Kingdom,False,2010-12-01 12:50:00,12,Wednesday,False,0.35,Normal
536523,22111,SCOTTIE DOG HOT WATER BOTTLE,3,4.95,14.850000000000001,12868,United Kingdom,False,2010-12-01 12:50:00,12,Wednesday,False,0.271,Normal
536523,22227,HANGING HEART MIRROR DECORATION ,24,0.65,15.600000000000001,12868,United Kingdom,False,Sale,2010-12-01 12:50:00,12,Wednesday,False,0.37,Normal
536523,22699,ROSES REGENCY TEACUP AND SAUCER ,6,2.95,17.700000000000003,12868,United Kingdom,False,Sale,2010-12-01 12:50:00,12,Wednesday,False,0.26,Normal
536523,22219,LOVEBIRD HANGING DECORATION WHITE ,12,0.85,10.2,12868,United Kingdom,False,Sale,2010-12-01 12:50:00,12,Wednesday,False,0.294,Normal
536523,21259,VICTORIAN SEWING BOX SMALL ,2,5.95,11.9,12868,United Kingdom,False,Sale,2010-12-01 12:50:00,12,Wednesday,False,0.298,Normal
536523,21485,RETROSPOT HEART HOT WATER BOTTLE,3,4.95,14.850000000000001,12868,United Kingdom,False,Sale,2010-12-01 12:50:00,12,Wednesday,False,0.271,Normal
536523,22149,FELTCRAFT 6 FLOWER FRIENDS,6,2.1,12.600000000000001,12868,United Kingdom,False,Sale,2010-12-01 12:50:00,12,Wednesday,False,0.26,Normal
536523,22468,BABUSHKA LIGHTS STRING OF 10,2,6.75,13.5,12868,United Kingdom,False,Sale,2010-12-01 12:50:00,12,Wednesday,False,0.306,Normal
536523,22943,CHRISTMAS LIGHTS 10 VINTAGE BAUBLES,6,4.95,29.700000000000003,12868,United Kingdom,False,Sale,2010-12-01 12:50:00,12,Wednesday,False,0.285,Normal
536523,22969,HOMEMADE JAM SCENTED CANDLES,12,1.45,17.4,12868,United Kingdom,False,Sale,2010-12-01 12:50:00,12,Wednesday,False,0.279,Normal
536524,21111,"SWISS ROLL TOWEL, CHOCOLATE  SPOTS",6,2.95,17.700000000000003,17572,United Kingdom,False,Sale,2010-12-01 12:51:00,12,Wednesday,False,0.26,Normal
536524,21106,CREAM SLICE FLANNEL CHOCOLATE SPOT ,6,2.95,17.700000000000003,17572,United Kingdom,False,Sale,2010-12-01 12:51:00,12,Wednesday,False,0.26,Normal
536524,21107,CREAM SLICE FLANNEL PINK SPOT ,6,2.95,17.700000000000003,17572,United Kingdom,False,Sale,2010-12-01 12:51:00,12,Wednesday,False,0.26,Normal
536524,22697,GREEN REGENCY TEACUP AND SAUCER,6,2.95,17.700000000000003,17572,United Kingdom,False,Sale,2010-12-01 12:51:00,12,Wednesday,False,0.26,Normal
536525,20750,RED RETROSPOT MINI CASES,10,7.95,79.5,14078,United Kingdom,False,Sale,2010-12-01 12:54:00,12,Wednesday,False,0.34,Normal
536525,21324,HANGING MEDINA LANTERN SMALL,2,2.95,5.9,14078,United Kingdom,False,Sale,2010-12-01 12:54:00,12,Wednesday,False,0.274,Normal
536525,15044B,BLUE PAPER PARASOL ,1,2.95,2.95,14078,United Kingdom,False,Sale,2010-12-01 12:54:00,12,Wednesday,False,0.292,Normal
536525,20974,12 PENCILS SMALL TUBE SKULL,3,0.65,1.9500000000000002,14078,United Kingdom,False,Sale,2010-12-01 12:54:00,12,Wednesday,False,0.283,Normal
536525,22428,ENAMEL FIRE BUCKET CREAM,1,6.95,6.95,14078,United Kingdom,False,Sale,2010-12-01 12:54:00,12,Wednesday,False,0.334,Normal
536525,22429,ENAMEL MEASURING JUG CREAM,1,4.25,4.25,14078,United Kingdom,False,Sale,2010-12-01 12:54:00,12,Wednesday,False,0.299,Normal
536525,20973,12 PENCIL SMALL TUBE WOODLAND,2,0.65,1.3,14078,United Kingdom,False,Sale,2010-12-01 12:54:00,12,Wednesday,False,0.29,Normal
536525,17164B,ASS COL SMALL SAND GECKO P'WEIGHT,2,0.42,0.84,14078,United Kingdom,False,Sale,2010-12-01 12:54:00,12,Wednesday,False,0.313,Normal
536525,22149,FELTCRAFT 6 FLOWER FRIENDS,1,2.1,2.1,14078,United Kingdom,False,Sale,2010-12-01 12:54:00,12,Wednesday,False,0.28,Normal
536525,22548,HEADS AND TAILS SPORTING FUN,1,1.25,1.25,14078,United Kingdom,False,Sale,2010-12-01 12:54:00,12,Wednesday,False,0.283,Normal
536525,21791,VINTAGE HEADS AND TAILS CARD GAME ,1,1.25,1.25,14078,United Kingdom,False,Sale,2010-12-01 12:54:00,12,Wednesday,False,0.283,Normal
536525,21826,EIGHT PIECE DINOSAUR SET,2,1.25,2.5,14078,United Kingdom,False,Sale,2010-12-01 12:54:00,12,Wednesday,False,0.27,Normal
536525,22423,REGENCY CAKESTAND 3 TIER,2,12.75,25.5,14078,United Kingdom,False,Sale,2010-12-01 12:54:00,12,Wednesday,False,0.39,Normal
536526,22113,GREY HEART HOT WATER BOTTLE,8,3.75,30.0,14001,United Kingdom,False,Sale,2010-12-01 12:58:00,12,Wednesday,False,0.263,Normal
536526,22411,JUMBO SHOPPER VINTAGE RED PAISLEY,10,1.95,19.5,14001,United Kingdom,False,Sale,2010-12-01 12:58:00,12,Wednesday,False,0.271,Normal
536526,85099B,JUMBO BAG RED RETROSPOT,10,1.95,19.5,14001,United Kingdom,False,Sale,2010-12-01 12:58:00,12,Wednesday,False,0.271,Normal
536526,21929,JUMBO BAG PINK VINTAGE PAISLEY,20,1.95,39.0,14001,United Kingdom,False,Sale,2010-12-01 12:58:00,12,Wednesday,False,0.324,Normal
536526,22624,IVORY KITCHEN SCALES,6,8.5,51.0,14001,United Kingdom,False,Sale,2010-12-01 12:58:00,12,Wednesday,False,0.329,Normal
536526,22626,BLACK KITCHEN SCALES,2,8.5,17.0,14001,United Kingdom,False,Sale,2010-12-01 12:58:00,12,Wednesday,False,0.327,Normal
536526,22173,METAL 4 HOOK HANGER FRENCH CHATEAU,16,2.95,47.2,14001,United Kingdom,False,Sale,2010-12-01 12:58:00,12,Wednesday,False,0.305,Normal
536526,21135,VICTORIAN  METAL POSTCARD SPRING,16,1.69,27.04,14001,United Kingdom,False,Sale,2010-12-01 12:58:00,12,Wednesday,False,0.3,Normal
536526,22625,RED KITCHEN SCALES,6,8.5,51.0,14001,United Kingdom,False,Sale,2010-12-01 12:58:00,12,Wednesday,False,0.329,Normal
536527,20713,JUMBO BAG OWLS,10,1.95,19.5,12662,Germany,False,Sale,2010-12-01 13:04:00,13,Wednesday,False,0.271,Normal
536527,POST,POSTAGE,1,18.0,18.0,12662,Germany,False,Sale,2010-12-01 13:04:00,13,Wednesday,False,0.471,Normal
536527,84569B,PACK 3 FIRE ENGINE/CAR PATCHES,12,1.25,15.0,12662,Germany,False,Sale,2010-12-01 13:04:00,13,Wednesday,False,0.278,Normal
536527,22973,CHILDREN'S CIRCUS PARADE MUG,12,1.65,19.799999999999997,12662,Germany,False,Sale,2010-12-01 13:04:00,13,Wednesday,False,0.283,Normal
536527,22969,HOMEMADE JAM SCENTED CANDLES,12,1.45,17.4,12662,Germany,False,Sale,2010-12-01 13:04:00,13,Wednesday,False,0.279,Normal
536527,22837,HOT WATER BOTTLE BABUSHKA ,4,4.65,18.6,12662,Germany,False,Sale,2010-12-01 13:04:00,13,Wednesday,False,0.269,Normal
536527,20712,JUMBO BAG WOODLAND ANIMALS,10,1.95,19.5,12662,Germany,False,Sale,2010-12-01 13:04:00,13,Wednesday,False,0.271,Normal
536527,22549,PICTURE DOMINOES,12,1.45,17.4,12662,Germany,False,Sale,2010-12-01 13:04:00,13,Wednesday,False,0.279,Normal
536527,22243,5 HOOK HANGER RED MAGIC TOADSTOOL,12,1.65,19.799999999999997,12662,Germany,False,Sale,2010-12-01 13:04:00,13,Wednesday,False,0.283,Normal
536527,22244,3 HOOK HANGER MAGIC GARDEN,12,1.95,23.4,12662,Germany,False,Sale,2010-12-01 13:04:00,13,Wednesday,False,0.281,Normal
536527,22242,5 HOOK HANGER MAGIC TOADSTOOL,12,1.65,19.799999999999997,12662,Germany,False,Sale,2010-12-01 13:04:00,13,Wednesday,False,0.283,Normal
536527,84945,MULTI COLOUR SILVER T-LIGHT HOLDER,12,0.85,10.2,12662,Germany,False,Sale,2010-12-01 13:04:00,13,Wednesday,False,0.294,Normal
536527,84347,ROTATING SILVER ANGELS T-LIGHT HLDR,6,2.55,15.299999999999999,12662,Germany,False,Sale,2010-12-01 13:04:00,13,Wednesday,False,0.257,Normal
536527,22809,SET OF 6 T-LIGHTS SANTA,6,2.95,17.700000000000003,12662,Germany,False,Sale,2010-12-01 13:04:00,13,Wednesday,False,0.26,Normal
536527,47421,ASSORTED COLOUR LIZARD SUCTION HOOK,24,0.42,10.08,12662,Germany,False,Sale,2010-12-01 13:04:00,13,Wednesday,False,0.397,Normal
536528,22900, SET 2 TEA TOWELS I LOVE LONDON ,1,2.95,2.95,15525,United Kingdom,False,Sale,2010-12-01 13:17:00,13,Wednesday,False,0.292,Normal
536528,22585,PACK OF 6 BIRDY GIFT TAGS,5,1.25,6.25,15525,United Kingdom,False,Sale,2010-12-01 13:17:00,13,Wednesday,False,0.263,Normal
536528,22911,PAPER CHAIN KIT LONDON,1,2.95,2.95,15525,United Kingdom,False,Sale,2010-12-01 13:17:00,13,Wednesday,False,0.292,Normal
536528,22743,MAKE YOUR OWN FLOWERPOWER CARD KIT,1,2.95,2.95,15525,United Kingdom,False,Sale,2010-12-01 13:17:00,13,Wednesday,False,0.292,Normal
536528,22744,MAKE YOUR OWN MONSOON CARD KIT,2,2.95,5.9,15525,United Kingdom,False,Sale,2010-12-01 13:17:00,13,Wednesday,False,0.274,Normal
536528,22938,CUPCAKE LACE PAPER SET 6,1,1.95,1.95,15525,United Kingdom,False,Sale,2010-12-01 13:17:00,13,Wednesday,False,0.28,Normal
536528,22911,PAPER CHAIN KIT LONDON,1,2.95,2.95,15525,United Kingdom,False,Sale,2010-12-01 13:17:00,13,Wednesday,False,0.292,Normal
536528,21452,TOADSTOOL MONEY BOX,2,2.95,5.9,15525,United Kingdom,False,Sale,2010-12-01 13:17:00,13,Wednesday,False,0.274,Normal
536528,22423,REGENCY CAKESTAND 3 TIER,1,12.75,12.75,15525,United Kingdom,False,Sale,2010-12-01 13:17:00,13,Wednesday,False,0.404,Normal
536528,22974,CHILDRENS DOLLY GIRL MUG,2,1.65,3.3,15525,United Kingdom,False,Sale,2010-12-01 13:17:00,13,Wednesday,False,0.27,Normal
536528,22584,PACK OF 6 PANNETONE GIFT BOXES,2,2.55,5.1,15525,United Kingdom,False,Sale,2010-12-01 13:17:00,13,Wednesday,False,0.27,Normal
536528,22743,MAKE YOUR OWN FLOWERPOWER CARD KIT,1,2.95,2.95,15525,United Kingdom,False,Sale,2010-12-01 13:17:00,13,Wednesday,False,0.292,Normal
536528,22411,JUMBO SHOPPER VINTAGE RED PAISLEY,1,1.95,1.95,15525,United Kingdom,False,Sale,2010-12-01 13:17:00,13,Wednesday,False,0.28,Normal
536528,22961,JAM MAKING SET PRINTED,1,1.45,1.45,15525,United Kingdom,False,Sale,2010-12-01 13:17:00,13,Wednesday,False,0.284,Normal
536528,85114B,IVORY ENCHANTED FOREST PLACEMAT,1,1.65,1.65,15525,United Kingdom,False,Sale,2010-12-01 13:17:00,13,Wednesday,False,0.284,Normal
536528,22454,MEASURING TAPE BABUSHKA RED,2,2.95,5.9,15525,United Kingdom,False,Sale,2010-12-01 13:17:00,13,Wednesday,False,0.274,Normal
536528,22453,MEASURING TAPE BABUSHKA BLUE,1,2.95,2.95,15525,United Kingdom,False,Sale,2010-12-01 13:17:00,13,Wednesday,False,0.292,Normal
536528,84985A,SET OF 72 GREEN PAPER DOILIES,1,1.45,1.45,15525,United Kingdom,False,Sale,2010-12-01 13:17:00,13,Wednesday,False,0.284,Normal
536528,22445,PENCIL CASE LIFE IS BEAUTIFUL,4,2.95,11.8,15525,United Kingdom,False,Sale,2010-12-01 13:17:00,13,Wednesday,False,0.259,Normal
536528,22568,FELTCRAFT CUSHION OWL,3,3.75,11.25,15525,United Kingdom,False,Sale,2010-12-01 13:17:00,13,Wednesday,False,0.265,Normal
536528,22570,FELTCRAFT CUSHION RABBIT,1,3.75,3.75,15525,United Kingdom,False,Sale,2010-12-01 13:17:00,13,Wednesday,False,0.297,Normal
536528,22607,WOODEN ROUNDERS GARDEN SET ,1,9.95,9.95,15525,United Kingdom,False,Sale,2010-12-01 13:17:00,13,Wednesday,False,0.355,Normal
536528,22635,CHILDS BREAKFAST SET DOLLY GIRL ,1,9.95,9.95,15525,United Kingdom,False,Sale,2010-12-01 13:17:00,13,Wednesday,False,0.355,Normal
536528,22634,CHILDS BREAKFAST SET SPACEBOY ,1,9.95,9.95,15525,United Kingdom,False,Sale,2010-12-01 13:17:00,13,Wednesday,False,0.355,Normal
536528,22839,3 TIER CAKE TIN GREEN AND CREAM,1,14.95,14.95,15525,United Kingdom,False,Sale,2010-12-01 13:17:00,13,Wednesday,False,0.433,Normal
536528,22968,ROSE COTTAGE KEEPSAKE BOX ,3,9.95,29.849999999999998,15525,United Kingdom,False,Sale,2010-12-01 13:17:00,13,Wednesday,False,0.348,Normal
536528,22744,MAKE YOUR OWN MONSOON CARD KIT,2,2.95,5.9,15525,United Kingdom,False,Sale,2010-12-01 13:17:00,13,Wednesday,False,0.274,Normal
536528,85114C,RED ENCHANTED FOREST PLACEMAT,1,1.65,1.65,15525,United Kingdom,False,Sale,2010-12-01 13:17:00,13,Wednesday,False,0.284,Normal
536528,22812,PACK 3 BOXES CHRISTMAS PANNETONE,3,1.95,5.85,15525,United Kingdom,False,Sale,2010-12-01 13:17:00,13,Wednesday,False,0.267,Normal
536528,22963,JAM JAR WITH GREEN LID,2,0.85,1.7,15525,United Kingdom,False,Sale,2010-12-01 13:17:00,13,Wednesday,False,0.273,Normal
536528,22815,CARD PSYCHEDELIC APPLES,12,0.42,5.04,15525,United Kingdom,False,Sale,2010-12-01 13:17:00,13,Wednesday,False,0.34,Normal
536528,22865,HAND WARMER OWL DESIGN,1,2.1,2.1,15525,United Kingdom,False,Sale,2010-12-01 13:17:00,13,Wednesday,False,0.28,Normal
536528,22585,PACK OF 6 BIRDY GIFT TAGS,6,1.25,7.5,15525,United Kingdom,False,Sale,2010-12-01 13:17:00,13,Wednesday,False,0.259,Normal
536528,22960,JAM MAKING SET WITH JARS,1,4.25,4.25,15525,United Kingdom,False,Sale,2010-12-01 13:17:00,13,Wednesday,False,0.299,Normal
536528,84985A,SET OF 72 GREEN PAPER DOILIES,1,1.45,1.45,15525,United Kingdom,False,Sale,2010-12-01 13:17:00,13,Wednesday,False,0.284,Normal
536528,85114B,IVORY ENCHANTED FOREST PLACEMAT,1,1.65,1.65,15525,United Kingdom,False,Sale,2010-12-01 13:17:00,13,Wednesday,False,0.284,Normal
536528,22813,PACK 3 BOXES BIRD PANNETONE ,3,1.95,5.85,15525,United Kingdom,False,Sale,2010-12-01 13:17:00,13,Wednesday,False,0.267,Normal
536528,22128,PARTY CONES CANDY ASSORTED,6,1.25,7.5,15525,United Kingdom,False,Sale,2010-12-01 13:17:00,13,Wednesday,False,0.259,Normal
536528,22839,3 TIER CAKE TIN GREEN AND CREAM,1,14.95,14.95,15525,United Kingdom,False,Sale,2010-12-01 13:17:00,13,Wednesday,False,0.433,Normal
536528,22584,PACK OF 6 PANNETONE GIFT BOXES,2,2.55,5.1,15525,United Kingdom,False,Sale,2010-12-01 13:17:00,13,Wednesday,False,0.27,Normal
536528,22130,PARTY CONE CHRISTMAS DECORATION ,12,0.85,10.2,15525,United Kingdom,False,Sale,2010-12-01 13:17:00,13,Wednesday,False,0.294,Normal
536528,22938,CUPCAKE LACE PAPER SET 6,3,1.95,5.85,15525,United Kingdom,False,Sale,2010-12-01 13:17:00,13,Wednesday,False,0.267,Normal
536528,22411,JUMBO SHOPPER VINTAGE RED PAISLEY,1,1.95,1.95,15525,United Kingdom,False,Sale,2010-12-01 13:17:00,13,Wednesday,False,0.28,Normal
536528,21587,COSY HOUR GIANT TUBE MATCHES,1,2.55,2.55,15525,United Kingdom,False,Sale,2010-12-01 13:17:00,13,Wednesday,False,0.284,Normal
536528,22616,PACK OF 12 LONDON TISSUES ,1,0.29,0.29,15525,United Kingdom,False,Sale,2010-12-01 13:17:00,13,Wednesday,False,0.337,Normal
536528,22910,PAPER CHAIN KIT VINTAGE CHRISTMAS,3,2.95,8.850000000000001,15525,United Kingdom,False,Sale,2010-12-01 13:17:00,13,Wednesday,False,0.26,Normal
536528,22867,HAND WARMER BIRD DESIGN,3,2.1,6.300000000000001,15525,United Kingdom,False,Sale,2010-12-01 13:17:00,13,Wednesday,False,0.269,Normal
536528,22865,HAND WARMER OWL DESIGN,2,2.1,4.2,15525,United Kingdom,False,Sale,2010-12-01 13:17:00,13,Wednesday,False,0.271,Normal
536528,22077,6 RIBBONS RUSTIC CHARM,2,1.65,3.3,15525,United Kingdom,False,Sale,2010-12-01 13:17:00,13,Wednesday,False,0.27,Normal
536528,85049E,SCANDINAVIAN REDS RIBBONS,1,1.25,1.25,15525,United Kingdom,False,Sale,2010-12-01 13:17:00,13,Wednesday,False,0.283,Normal
536528,85049A,TRADITIONAL CHRISTMAS RIBBONS,1,1.25,1.25,15525,United Kingdom,False,Sale,2010-12-01 13:17:00,13,Wednesday,False,0.283,Normal
536528,22326,ROUND SNACK BOXES SET OF4 WOODLAND ,4,2.95,11.8,15525,United Kingdom,False,Sale,2010-12-01 13:17:00,13,Wednesday,False,0.259,Normal
536528,21992,VINTAGE PAISLEY STATIONERY SET,1,2.95,2.95,15525,United Kingdom,False,Sale,2010-12-01 13:17:00,13,Wednesday,False,0.292,Normal
536528,22865,HAND WARMER OWL DESIGN,1,2.1,2.1,15525,United Kingdom,False,Sale,2010-12-01 13:17:00,13,Wednesday,False,0.28,Normal
536528,22454,MEASURING TAPE BABUSHKA RED,1,2.95,2.95,15525,United Kingdom,False,Sale,2010-12-01 13:17:00,13,Wednesday,False,0.292,Normal
536528,22082,RIBBON REEL STRIPES DESIGN ,1,1.65,1.65,15525,United Kingdom,False,Sale,2010-12-01 13:17:00,13,Wednesday,False,0.284,Normal
536528,21731,RED TOADSTOOL LED NIGHT LIGHT,2,1.65,3.3,15525,United Kingdom,False,Sale,2010-12-01 13:17:00,13,Wednesday,False,0.27,Normal
536529,72598,SET/12 TAPER CANDLES,12,0.85,10.2,14237,United Kingdom,False,Sale,2010-12-01 13:20:00,13,Wednesday,False,0.294,Normal
536529,22487,WHITE WOOD GARDEN PLANT LADDER,2,9.95,19.9,14237,United Kingdom,False,Sale,2010-12-01 13:20:00,13,Wednesday,False,0.343,Normal
536529,22627,MINT KITCHEN SCALES,2,8.5,17.0,14237,United Kingdom,False,Sale,2010-12-01 13:20:00,13,Wednesday,False,0.327,Normal
536529,21258,VICTORIAN SEWING BOX LARGE,1,12.75,12.75,14237,United Kingdom,False,Sale,2010-12-01 13:20:00,13,Wednesday,False,0.404,Normal
536529,22187,GREEN CHRISTMAS TREE CARD HOLDER,4,4.25,17.0,14237,United Kingdom,False,Sale,2010-12-01 13:20:00,13,Wednesday,False,0.261,Normal
536529,21743,STAR PORTABLE TABLE LIGHT ,6,2.95,17.700000000000003,14237,United Kingdom,False,Sale,2010-12-01 13:20:00,13,Wednesday,False,0.26,Normal
536529,22947,WOODEN ADVENT CALENDAR RED,2,16.95,33.9,14237,United Kingdom,False,Sale,2010-12-01 13:20:00,13,Wednesday,False,0.453,Normal
536529,22222,CAKE PLATE LOVEBIRD WHITE,3,4.95,14.850000000000001,14237,United Kingdom,False,Sale,2010-12-01 13:20:00,13,Wednesday,False,0.271,Normal
536529,22164,STRING OF STARS CARD HOLDER,6,2.95,17.700000000000003,14237,United Kingdom,False,Sale,2010-12-01 13:20:00,13,Wednesday,False,0.26,Normal
536530,21179,NO JUNK MAIL METAL SIGN,1,1.25,1.25,17905,United Kingdom,False,Sale,2010-12-01 13:21:00,13,Wednesday,False,0.283,Normal
536530,22411,JUMBO SHOPPER VINTAGE RED PAISLEY,6,1.95,11.7,17905,United Kingdom,False,Sale,2010-12-01 13:21:00,13,Wednesday,False,0.258,Normal
536530,22943,CHRISTMAS LIGHTS 10 VINTAGE BAUBLES,2,4.95,9.9,17905,United Kingdom,False,Sale,2010-12-01 13:21:00,13,Wednesday,False,0.275,Normal
536530,21664,RIDGED GLASS STORAGE JAR CREAM LID,2,3.75,7.5,17905,United Kingdom,False,Sale,2010-12-01 13:21:00,13,Wednesday,False,0.267,Normal
536530,21658,GLASS  BEURRE DISH,1,3.95,3.95,17905,United Kingdom,False,Sale,2010-12-01 13:21:00,13,Wednesday,False,0.3,Normal
536530,21654,RIDGED GLASS FINGER BOWL,6,1.45,8.7,17905,United Kingdom,False,Sale,2010-12-01 13:21:00,13,Wednesday,False,0.254,Normal
536530,85104,SILVER GLASS T-LIGHT SET,8,2.95,23.6,17905,United Kingdom,False,Sale,2010-12-01 13:21:00,13,Wednesday,False,0.265,Normal
536530,21662,VINTAGE GLASS COFFEE CADDY,1,5.95,5.95,17905,United Kingdom,False,Sale,2010-12-01 13:21:00,13,Wednesday,False,0.322,Normal
536530,22097,SWALLOW SQUARE TISSUE BOX,1,1.25,1.25,17905,United Kingdom,False,Sale,2010-12-01 13:21:00,13,Wednesday,False,0.283,Normal
536530,22185,SLATE TILE NATURAL HANGING,4,1.65,6.6,17905,United Kingdom,False,Sale,2010-12-01 13:21:00,13,Wednesday,False,0.263,Normal
536530,22097,SWALLOW SQUARE TISSUE BOX,1,1.25,1.25,17905,United Kingdom,False,Sale,2010-12-01 13:21:00,13,Wednesday,False,0.283,Normal
536530,82552,WASHROOM METAL SIGN,1,1.45,1.45,17905,United Kingdom,False,Sale,2010-12-01 13:21:00,13,Wednesday,False,0.284,Normal
536530,22783,SET 3 WICKER OVAL BASKETS W LIDS,1,19.95,19.95,17905,United Kingdom,False,Sale,2010-12-01 13:21:00,13,Wednesday,False,0.496,Normal
536530,22364,GLASS JAR DIGESTIVE BISCUITS,1,2.95,2.95,17905,United Kingdom,False,Sale,2010-12-01 13:21:00,13,Wednesday,False,0.292,Normal
536530,21657,MILK BOTTLE WITH GLASS STOPPER ,1,6.95,6.95,17905,United Kingdom,False,Sale,2010-12-01 13:21:00,13,Wednesday,False,0.334,Normal
536530,22699,ROSES REGENCY TEACUP AND SAUCER ,4,2.95,11.8,17905,United Kingdom,False,Sale,2010-12-01 13:21:00,13,Wednesday,False,0.259,Normal
536530,21071,VINTAGE BILLBOARD DRINK ME MUG,24,1.25,30.0,17905,United Kingdom,False,Sale,2010-12-01 13:21:00,13,Wednesday,False,0.35,Normal
536530,22360,GLASS JAR ENGLISH CONFECTIONERY,2,2.95,5.9,17905,United Kingdom,False,Sale,2010-12-01 13:21:00,13,Wednesday,False,0.274,Normal
536530,22120,WELCOME  WOODEN BLOCK LETTERS,1,9.95,9.95,17905,United Kingdom,False,Sale,2010-12-01 13:21:00,13,Wednesday,False,0.355,Normal
536530,22423,REGENCY CAKESTAND 3 TIER,1,12.75,12.75,17905,United Kingdom,False,Sale,2010-12-01 13:21:00,13,Wednesday,False,0.404,Normal
536530,21038,SET/4 MODERN VINTAGE COTTON NAPKINS,1,2.95,2.95,17905,United Kingdom,False,Sale,2010-12-01 13:21:00,13,Wednesday,False,0.292,Normal
536530,21625,VINTAGE UNION JACK APRON,1,6.95,6.95,17905,United Kingdom,False,Sale,2010-12-01 13:21:00,13,Wednesday,False,0.334,Normal
536530,22941,CHRISTMAS LIGHTS 10 REINDEER,1,8.5,8.5,17905,United Kingdom,False,Sale,2010-12-01 13:21:00,13,Wednesday,False,0.342,Normal
536531,22727,ALARM CLOCK BAKELIKE RED ,9,3.75,33.75,15485,United Kingdom,False,Sale,2010-12-01 13:23:00,13,Wednesday,False,0.269,Normal
536531,22768,FAMILY PHOTO FRAME CORNICE,6,9.95,59.699999999999996,15485,United Kingdom,False,Sale,2010-12-01 13:23:00,13,Wednesday,False,0.357,Normal
536531,22688,DOORMAT PEACE ON EARTH BLUE,4,7.95,31.8,15485,United Kingdom,False,Sale,2010-12-01 13:23:00,13,Wednesday,False,0.313,Normal
536531,22191,IVORY DINER WALL CLOCK,4,8.5,34.0,15485,United Kingdom,False,Sale,2010-12-01 13:23:00,13,Wednesday,False,0.325,Normal
536531,22193,RED DINER WALL CLOCK,4,8.5,34.0,15485,United Kingdom,False,Sale,2010-12-01 13:23:00,13,Wednesday,False,0.325,Normal
536531,22192,BLUE DINER WALL CLOCK,4,8.5,34.0,15485,United Kingdom,False,Sale,2010-12-01 13:23:00,13,Wednesday,False,0.325,Normal
536531,22194,BLACK DINER WALL CLOCK,2,8.5,17.0,15485,United Kingdom,False,Sale,2010-12-01 13:23:00,13,Wednesday,False,0.327,Normal
536531,22910,PAPER CHAIN KIT VINTAGE CHRISTMAS,40,2.55,102.0,15485,United Kingdom,False,Sale,2010-12-01 13:23:00,13,Wednesday,False,0.492,Normal
536531,22086,PAPER CHAIN KIT 50'S CHRISTMAS ,80,2.55,204.0,15485,United Kingdom,False,Sale,2010-12-01 13:23:00,13,Wednesday,True,0.582,Isolation Forest Outlier
536531,22726,ALARM CLOCK BAKELIKE GREEN,9,3.75,33.75,15485,United Kingdom,False,Sale,2010-12-01 13:23:00,13,Wednesday,False,0.269,Normal
536531,21333,CLASSIC WHITE FRAME,12,2.95,35.400000000000006,15485,United Kingdom,False,Sale,2010-12-01 13:23:00,13,Wednesday,False,0.276,Normal
536531,22730,ALARM CLOCK BAKELIKE IVORY,9,3.75,33.75,15485,United Kingdom,False,Sale,2010-12-01 13:23:00,13,Wednesday,False,0.269,Normal
536531,21506,"FANCY FONT BIRTHDAY CARD, ",24,0.42,10.08,15485,United Kingdom,False,Sale,2010-12-01 13:23:00,13,Wednesday,False,0.397,Normal
536531,21519,GIN & TONIC DIET GREETING CARD ,24,0.42,10.08,15485,United Kingdom,False,Sale,2010-12-01 13:23:00,13,Wednesday,False,0.397,Normal
536531,22819,"BIRTHDAY CARD, RETRO SPOT",24,0.42,10.08,15485,United Kingdom,False,Sale,2010-12-01 13:23:00,13,Wednesday,False,0.397,Normal
536531,21497,FANCY FONTS BIRTHDAY WRAP,25,0.42,10.5,15485,United Kingdom,False,Sale,2010-12-01 13:23:00,13,Wednesday,False,0.401,Normal
536531,22704,WRAP RED APPLES ,25,0.42,10.5,15485,United Kingdom,False,Sale,2010-12-01 13:23:00,13,Wednesday,False,0.401,Normal
536531,21498,RED RETROSPOT WRAP ,25,0.42,10.5,15485,United Kingdom,False,Sale,2010-12-01 13:23:00,13,Wednesday,False,0.401,Normal
536531,15056BL,EDWARDIAN PARASOL BLACK,12,5.95,71.4,15485,United Kingdom,False,Sale,2010-12-01 13:23:00,13,Wednesday,False,0.314,Normal
536531,20679,EDWARDIAN PARASOL RED,12,5.95,71.4,15485,United Kingdom,False,Sale,2010-12-01 13:23:00,13,Wednesday,False,0.314,Normal
